Fitur 1,Fitur 2,Fitur 3,Fitur 4,Label
4.123615,3.666667,0.155035,55.000000,flat.jpg
4.387012,3.117647,0.081391,53.000000,normal.jpg
